Classifier,y_true,y_pred
35-NN,0,0
35-NN,1,0
35-NN,1,1
35-NN,0,0
35-NN,1,0
35-NN,0,0
35-NN,0,0
35-NN,0,0
35-NN,1,1
35-NN,0,1
35-NN,1,0
35-NN,0,0
35-NN,1,0
35-NN,1,0
35-NN,1,0
35-NN,0,0
35-NN,1,1
35-NN,0,0
35-NN,1,0
35-NN,1,0
35-NN,1,0
35-NN,0,0
35-NN,0,0
35-NN,0,0
35-NN,0,0
35-NN,0,0
35-NN,1,0
35-NN,0,0
35-NN,0,0
35-NN,1,1
35-NN,0,0
35-NN,1,1
35-NN,1,1
35-NN,0,0
35-NN,1,0
35-NN,1,0
35-NN,0,1
35-NN,0,1
35-NN,0,1
35-NN,0,0
35-NN,1,0
35-NN,0,0
35-NN,0,0
35-NN,0,0
35-NN,1,0
35-NN,1,1
35-NN,1,0
35-NN,0,0
35-NN,1,1
35-NN,1,1
35-NN,1,1
35-NN,1,1
35-NN,0,0
35-NN,1,0
35-NN,1,0
35-NN,0,0
35-NN,0,0
35-NN,0,0
35-NN,0,0
35-NN,1,0
35-NN,1,0
35-NN,1,0
35-NN,1,0
35-NN,0,0
35-NN,1,1
35-NN,0,0
35-NN,0,0
35-NN,1,0
35-NN,0,0
35-NN,0,1
35-NN,0,0
35-NN,0,1
35-NN,0,1
35-NN,0,0
35-NN,1,0
35-NN,0,0
35-NN,1,0
35-NN,1,0
35-NN,0,0
35-NN,0,0
35-NN,0,0
35-NN,0,0
35-NN,1,1
35-NN,1,0
35-NN,1,0
35-NN,0,0
35-NN,0,0
35-NN,1,0
35-NN,1,0
35-NN,0,0
35-NN,0,0
35-NN,1,1
35-NN,0,0
35-NN,1,1
35-NN,1,0
35-NN,1,1
35-NN,0,1
35-NN,1,1
35-NN,0,1
35-NN,0,0
35-NN,1,0
35-NN,0,0
35-NN,1,1
35-NN,1,1
35-NN,0,0
35-NN,0,1
35-NN,0,0
35-NN,1,1
35-NN,1,1
35-NN,1,1
35-NN,0,0
35-NN,1,1
35-NN,0,0
35-NN,0,1
35-NN,1,1
35-NN,0,0
35-NN,1,0
35-NN,0,0
35-NN,0,0
35-NN,1,0
35-NN,0,0
35-NN,1,0
35-NN,0,0
35-NN,0,0
35-NN,1,0
35-NN,1,0
35-NN,1,0
35-NN,0,0
35-NN,0,1
35-NN,1,0
35-NN,1,0
35-NN,0,1
35-NN,1,1
35-NN,1,1
35-NN,0,0
35-NN,1,0
35-NN,1,1
35-NN,0,0
35-NN,1,0
35-NN,0,0
35-NN,0,0
35-NN,1,0
35-NN,0,0
35-NN,1,1
35-NN,0,0
35-NN,0,0
35-NN,0,0
35-NN,1,1
35-NN,1,1
35-NN,0,0
35-NN,1,0
35-NN,1,0
35-NN,0,1
35-NN,0,0
35-NN,0,0
35-NN,1,0
35-NN,1,1
35-NN,0,0
35-NN,1,0
35-NN,0,1
35-NN,1,1
35-NN,0,0
35-NN,1,1
35-NN,0,0
35-NN,1,0
35-NN,0,1
35-NN,1,0
35-NN,1,0
35-NN,1,0
35-NN,1,0
35-NN,0,0
35-NN,0,0
35-NN,0,1
35-NN,0,0
35-NN,1,1
35-NN,0,0
35-NN,1,1
35-NN,0,1
35-NN,1,0
35-NN,1,0
35-NN,1,1
35-NN,0,0
35-NN,0,1
35-NN,1,0
35-NN,1,0
35-NN,0,0
35-NN,1,0
35-NN,0,0
35-NN,0,0
35-NN,1,0
35-NN,1,0
35-NN,0,0
35-NN,0,0
35-NN,0,0
35-NN,1,0
35-NN,1,0
35-NN,1,0
35-NN,1,0
35-NN,1,0
35-NN,1,0
35-NN,0,0
35-NN,1,0
35-NN,1,0
35-NN,1,0
35-NN,0,0
35-NN,0,0
35-NN,0,0
35-NN,1,0
35-NN,1,0
35-NN,0,0
35-NN,1,1
35-NN,1,0
35-NN,0,0
35-NN,1,1
35-NN,0,0
35-NN,1,1
35-NN,1,1
35-NN,1,0
35-NN,1,1
35-NN,1,0
35-NN,1,0
35-NN,0,0
35-NN,1,0
35-NN,1,0
35-NN,0,0
35-NN,0,0
35-NN,1,1
35-NN,1,1
35-NN,0,0
35-NN,0,0
35-NN,1,1
35-NN,0,0
35-NN,1,0
35-NN,0,0
35-NN,1,0
35-NN,1,0
35-NN,0,1
35-NN,0,0
35-NN,1,0
35-NN,0,0
35-NN,1,0
35-NN,0,0
35-NN,1,0
35-NN,0,0
35-NN,0,0
35-NN,1,0
35-NN,1,0
35-NN,0,0
35-NN,1,0
35-NN,0,0
35-NN,1,0
35-NN,0,0
35-NN,1,0
35-NN,0,0
35-NN,0,0
35-NN,0,0
35-NN,1,0
35-NN,0,0
35-NN,1,1
35-NN,0,1
35-NN,1,1
35-NN,1,1
35-NN,0,0
35-NN,0,0
35-NN,0,1
35-NN,0,0
35-NN,1,0
35-NN,0,0
35-NN,1,0
35-NN,1,1
35-NN,1,1
35-NN,0,0
35-NN,1,1
35-NN,1,0
35-NN,1,0
35-NN,0,0
35-NN,1,0
35-NN,0,0
35-NN,1,0
35-NN,1,1
35-NN,1,0
35-NN,1,0
35-NN,1,1
35-NN,0,0
35-NN,1,1
35-NN,1,0
35-NN,0,0
35-NN,0,0
35-NN,0,0
35-NN,0,1
35-NN,0,0
35-NN,0,0
35-NN,1,0
35-NN,0,0
35-NN,0,1
35-NN,0,0
35-NN,0,0
35-NN,0,1
35-NN,1,1
35-NN,0,0
35-NN,1,0
35-NN,1,0
35-NN,1,0
35-NN,0,0
35-NN,0,0
35-NN,0,0
35-NN,1,0
35-NN,0,0
35-NN,1,0
35-NN,1,1
35-NN,0,0
35-NN,1,1
35-NN,1,0
35-NN,1,0
35-NN,1,0
35-NN,1,1
35-NN,0,0
35-NN,1,0
35-NN,1,0
35-NN,0,0
35-NN,1,1
35-NN,1,0
35-NN,0,0
35-NN,0,0
35-NN,1,0
35-NN,1,0
35-NN,0,0
35-NN,0,0
35-NN,0,0
35-NN,1,1
35-NN,0,0
35-NN,0,1
35-NN,1,1
35-NN,0,0
35-NN,0,0
35-NN,0,1
35-NN,0,0
35-NN,0,0
35-NN,0,0
35-NN,1,0
35-NN,1,0
35-NN,1,0
35-NN,1,0
35-NN,1,0
35-NN,1,1
35-NN,0,0
35-NN,0,0
35-NN,0,1
35-NN,1,1
35-NN,0,1
35-NN,1,0
35-NN,0,0
35-NN,0,0
35-NN,1,0
35-NN,0,0
35-NN,0,0
35-NN,0,0
35-NN,1,1
35-NN,1,1
35-NN,1,0
35-NN,1,1
35-NN,1,0
35-NN,0,1
35-NN,0,0
35-NN,0,1
35-NN,1,0
35-NN,0,1
35-NN,1,0
35-NN,0,0
35-NN,1,1
35-NN,1,1
35-NN,0,0
35-NN,0,0
35-NN,0,0
35-NN,1,0
35-NN,0,1
35-NN,0,1
35-NN,1,0
35-NN,1,1
35-NN,0,0
35-NN,0,0
35-NN,0,0
35-NN,1,0
35-NN,0,0
35-NN,1,0
35-NN,1,0
35-NN,1,1
35-NN,0,0
35-NN,1,1
35-NN,0,0
35-NN,1,0
35-NN,1,1
35-NN,1,1
35-NN,0,0
35-NN,1,0
35-NN,1,1
35-NN,1,0
35-NN,0,1
35-NN,0,0
35-NN,1,0
35-NN,1,0
35-NN,0,1
35-NN,1,0
35-NN,0,0
35-NN,1,1
35-NN,1,1
35-NN,0,0
35-NN,1,0
35-NN,0,1
35-NN,0,0
35-NN,1,0
35-NN,1,0
35-NN,1,1
35-NN,0,0
35-NN,0,0
35-NN,0,0
35-NN,1,0
35-NN,0,0
35-NN,0,0
35-NN,0,1
35-NN,0,0
35-NN,0,1
35-NN,0,0
35-NN,0,0
35-NN,1,0
35-NN,0,0
35-NN,0,0
35-NN,1,0
35-NN,1,1
35-NN,0,0
35-NN,1,0
35-NN,0,0
35-NN,1,0
35-NN,0,0
35-NN,0,1
35-NN,0,1
35-NN,0,0
35-NN,0,0
35-NN,0,0
35-NN,1,0
35-NN,0,0
35-NN,1,1
35-NN,1,0
35-NN,0,0
35-NN,1,1
35-NN,0,0
35-NN,1,0
35-NN,1,0
35-NN,0,0
35-NN,1,0
35-NN,0,0
35-NN,1,0
35-NN,0,0
35-NN,1,0
Naïve Bayes,0,0
Naïve Bayes,1,0
Naïve Bayes,1,1
Naïve Bayes,0,0
Naïve Bayes,1,0
Naïve Bayes,0,0
Naïve Bayes,0,0
Naïve Bayes,0,0
Naïve Bayes,1,0
Naïve Bayes,0,1
Naïve Bayes,1,0
Naïve Bayes,0,0
Naïve Bayes,1,0
Naïve Bayes,1,0
Naïve Bayes,1,0
Naïve Bayes,0,0
Naïve Bayes,1,0
Naïve Bayes,0,0
Naïve Bayes,1,0
Naïve Bayes,1,0
Naïve Bayes,1,0
Naïve Bayes,0,0
Naïve Bayes,0,1
Naïve Bayes,0,0
Naïve Bayes,0,0
Naïve Bayes,0,0
Naïve Bayes,1,0
Naïve Bayes,0,0
Naïve Bayes,0,0
Naïve Bayes,1,1
Naïve Bayes,0,0
Naïve Bayes,1,0
Naïve Bayes,1,1
Naïve Bayes,0,0
Naïve Bayes,1,0
Naïve Bayes,1,0
Naïve Bayes,0,0
Naïve Bayes,0,1
Naïve Bayes,0,0
Naïve Bayes,0,0
Naïve Bayes,1,0
Naïve Bayes,0,0
Naïve Bayes,0,0
Naïve Bayes,0,0
Naïve Bayes,1,1
Naïve Bayes,1,0
Naïve Bayes,1,0
Naïve Bayes,0,0
Naïve Bayes,1,0
Naïve Bayes,1,1
Naïve Bayes,1,1
Naïve Bayes,1,0
Naïve Bayes,0,0
Naïve Bayes,1,1
Naïve Bayes,1,0
Naïve Bayes,0,0
Naïve Bayes,0,0
Naïve Bayes,0,0
Naïve Bayes,0,0
Naïve Bayes,1,0
Naïve Bayes,1,0
Naïve Bayes,1,0
Naïve Bayes,1,0
Naïve Bayes,0,0
Naïve Bayes,1,0
Naïve Bayes,0,0
Naïve Bayes,0,0
Naïve Bayes,1,0
Naïve Bayes,0,0
Naïve Bayes,0,0
Naïve Bayes,0,0
Naïve Bayes,0,0
Naïve Bayes,0,0
Naïve Bayes,0,0
Naïve Bayes,1,0
Naïve Bayes,0,0
Naïve Bayes,1,0
Naïve Bayes,1,0
Naïve Bayes,0,0
Naïve Bayes,0,0
Naïve Bayes,0,0
Naïve Bayes,0,0
Naïve Bayes,1,1
Naïve Bayes,1,0
Naïve Bayes,1,0
Naïve Bayes,0,0
Naïve Bayes,0,0
Naïve Bayes,1,0
Naïve Bayes,1,0
Naïve Bayes,0,0
Naïve Bayes,0,0
Naïve Bayes,1,0
Naïve Bayes,0,0
Naïve Bayes,1,0
Naïve Bayes,1,1
Naïve Bayes,1,1
Naïve Bayes,0,0
Naïve Bayes,1,0
Naïve Bayes,0,0
Naïve Bayes,0,0
Naïve Bayes,1,0
Naïve Bayes,0,0
Naïve Bayes,1,0
Naïve Bayes,1,0
Naïve Bayes,0,0
Naïve Bayes,0,0
Naïve Bayes,0,0
Naïve Bayes,1,0
Naïve Bayes,1,1
Naïve Bayes,1,0
Naïve Bayes,0,0
Naïve Bayes,1,0
Naïve Bayes,0,0
Naïve Bayes,0,0
Naïve Bayes,1,0
Naïve Bayes,0,0
Naïve Bayes,1,0
Naïve Bayes,0,0
Naïve Bayes,0,0
Naïve Bayes,1,0
Naïve Bayes,0,0
Naïve Bayes,1,0
Naïve Bayes,0,0
Naïve Bayes,0,0
Naïve Bayes,1,0
Naïve Bayes,1,0
Naïve Bayes,1,0
Naïve Bayes,0,0
Naïve Bayes,0,0
Naïve Bayes,1,0
Naïve Bayes,1,0
Naïve Bayes,0,1
Naïve Bayes,1,0
Naïve Bayes,1,1
Naïve Bayes,0,0
Naïve Bayes,1,0
Naïve Bayes,1,0
Naïve Bayes,0,0
Naïve Bayes,1,0
Naïve Bayes,0,0
Naïve Bayes,0,0
Naïve Bayes,1,0
Naïve Bayes,0,0
Naïve Bayes,1,0
Naïve Bayes,0,0
Naïve Bayes,0,0
Naïve Bayes,0,0
Naïve Bayes,1,1
Naïve Bayes,1,1
Naïve Bayes,0,0
Naïve Bayes,1,0
Naïve Bayes,1,0
Naïve Bayes,0,1
Naïve Bayes,0,0
Naïve Bayes,0,0
Naïve Bayes,1,1
Naïve Bayes,1,1
Naïve Bayes,0,0
Naïve Bayes,1,0
Naïve Bayes,0,0
Naïve Bayes,1,1
Naïve Bayes,0,0
Naïve Bayes,1,1
Naïve Bayes,0,0
Naïve Bayes,1,0
Naïve Bayes,0,0
Naïve Bayes,1,0
Naïve Bayes,1,1
Naïve Bayes,1,0
Naïve Bayes,1,0
Naïve Bayes,0,0
Naïve Bayes,0,0
Naïve Bayes,0,1
Naïve Bayes,0,0
Naïve Bayes,1,0
Naïve Bayes,0,0
Naïve Bayes,1,1
Naïve Bayes,0,0
Naïve Bayes,1,0
Naïve Bayes,1,0
Naïve Bayes,1,0
Naïve Bayes,0,0
Naïve Bayes,0,0
Naïve Bayes,1,0
Naïve Bayes,1,0
Naïve Bayes,0,0
Naïve Bayes,1,0
Naïve Bayes,0,0
Naïve Bayes,0,0
Naïve Bayes,1,0
Naïve Bayes,1,0
Naïve Bayes,0,0
Naïve Bayes,0,0
Naïve Bayes,0,0
Naïve Bayes,1,0
Naïve Bayes,1,0
Naïve Bayes,1,0
Naïve Bayes,1,0
Naïve Bayes,1,0
Naïve Bayes,1,0
Naïve Bayes,0,0
Naïve Bayes,1,0
Naïve Bayes,1,0
Naïve Bayes,1,0
Naïve Bayes,0,0
Naïve Bayes,0,0
Naïve Bayes,0,0
Naïve Bayes,1,0
Naïve Bayes,1,1
Naïve Bayes,0,0
Naïve Bayes,1,1
Naïve Bayes,1,0
Naïve Bayes,0,0
Naïve Bayes,1,0
Naïve Bayes,0,0
Naïve Bayes,1,0
Naïve Bayes,1,0
Naïve Bayes,1,0
Naïve Bayes,1,0
Naïve Bayes,1,0
Naïve Bayes,1,0
Naïve Bayes,0,0
Naïve Bayes,1,0
Naïve Bayes,1,0
Naïve Bayes,0,0
Naïve Bayes,0,0
Naïve Bayes,1,1
Naïve Bayes,1,1
Naïve Bayes,0,0
Naïve Bayes,0,0
Naïve Bayes,1,1
Naïve Bayes,0,0
Naïve Bayes,1,0
Naïve Bayes,0,0
Naïve Bayes,1,0
Naïve Bayes,1,0
Naïve Bayes,0,0
Naïve Bayes,0,0
Naïve Bayes,1,0
Naïve Bayes,0,0
Naïve Bayes,1,0
Naïve Bayes,0,0
Naïve Bayes,1,0
Naïve Bayes,0,0
Naïve Bayes,0,0
Naïve Bayes,1,0
Naïve Bayes,1,0
Naïve Bayes,0,0
Naïve Bayes,1,0
Naïve Bayes,0,0
Naïve Bayes,1,0
Naïve Bayes,0,0
Naïve Bayes,1,0
Naïve Bayes,0,0
Naïve Bayes,0,0
Naïve Bayes,0,0
Naïve Bayes,1,0
Naïve Bayes,0,0
Naïve Bayes,1,0
Naïve Bayes,0,0
Naïve Bayes,1,1
Naïve Bayes,1,0
Naïve Bayes,0,0
Naïve Bayes,0,0
Naïve Bayes,0,0
Naïve Bayes,0,0
Naïve Bayes,1,0
Naïve Bayes,0,0
Naïve Bayes,1,0
Naïve Bayes,1,0
Naïve Bayes,1,1
Naïve Bayes,0,0
Naïve Bayes,1,1
Naïve Bayes,1,1
Naïve Bayes,1,0
Naïve Bayes,0,0
Naïve Bayes,1,0
Naïve Bayes,0,0
Naïve Bayes,1,0
Naïve Bayes,1,1
Naïve Bayes,1,0
Naïve Bayes,1,0
Naïve Bayes,1,0
Naïve Bayes,0,0
Naïve Bayes,1,0
Naïve Bayes,1,0
Naïve Bayes,0,0
Naïve Bayes,0,0
Naïve Bayes,0,0
Naïve Bayes,0,0
Naïve Bayes,0,0
Naïve Bayes,0,0
Naïve Bayes,1,0
Naïve Bayes,0,0
Naïve Bayes,0,0
Naïve Bayes,0,0
Naïve Bayes,0,0
Naïve Bayes,0,0
Naïve Bayes,1,1
Naïve Bayes,0,0
Naïve Bayes,1,0
Naïve Bayes,1,0
Naïve Bayes,1,0
Naïve Bayes,0,0
Naïve Bayes,0,0
Naïve Bayes,0,0
Naïve Bayes,1,0
Naïve Bayes,0,0
Naïve Bayes,1,0
Naïve Bayes,1,0
Naïve Bayes,0,0
Naïve Bayes,1,1
Naïve Bayes,1,0
Naïve Bayes,1,0
Naïve Bayes,1,0
Naïve Bayes,1,0
Naïve Bayes,0,0
Naïve Bayes,1,0
Naïve Bayes,1,0
Naïve Bayes,0,0
Naïve Bayes,1,1
Naïve Bayes,1,0
Naïve Bayes,0,0
Naïve Bayes,0,0
Naïve Bayes,1,0
Naïve Bayes,1,0
Naïve Bayes,0,0
Naïve Bayes,0,0
Naïve Bayes,0,0
Naïve Bayes,1,1
Naïve Bayes,0,0
Naïve Bayes,0,0
Naïve Bayes,1,1
Naïve Bayes,0,0
Naïve Bayes,0,0
Naïve Bayes,0,0
Naïve Bayes,0,0
Naïve Bayes,0,0
Naïve Bayes,0,0
Naïve Bayes,1,1
Naïve Bayes,1,0
Naïve Bayes,1,0
Naïve Bayes,1,0
Naïve Bayes,1,1
Naïve Bayes,1,1
Naïve Bayes,0,0
Naïve Bayes,0,0
Naïve Bayes,0,1
Naïve Bayes,1,1
Naïve Bayes,0,1
Naïve Bayes,1,0
Naïve Bayes,0,0
Naïve Bayes,0,0
Naïve Bayes,1,0
Naïve Bayes,0,0
Naïve Bayes,0,0
Naïve Bayes,0,0
Naïve Bayes,1,1
Naïve Bayes,1,0
Naïve Bayes,1,0
Naïve Bayes,1,1
Naïve Bayes,1,0
Naïve Bayes,0,0
Naïve Bayes,0,0
Naïve Bayes,0,0
Naïve Bayes,1,0
Naïve Bayes,0,0
Naïve Bayes,1,0
Naïve Bayes,0,0
Naïve Bayes,1,0
Naïve Bayes,1,0
Naïve Bayes,0,0
Naïve Bayes,0,0
Naïve Bayes,0,0
Naïve Bayes,1,0
Naïve Bayes,0,0
Naïve Bayes,0,0
Naïve Bayes,1,0
Naïve Bayes,1,1
Naïve Bayes,0,0
Naïve Bayes,0,1
Naïve Bayes,0,0
Naïve Bayes,1,0
Naïve Bayes,0,1
Naïve Bayes,1,0
Naïve Bayes,1,0
Naïve Bayes,1,1
Naïve Bayes,0,0
Naïve Bayes,1,1
Naïve Bayes,0,0
Naïve Bayes,1,0
Naïve Bayes,1,0
Naïve Bayes,1,1
Naïve Bayes,0,1
Naïve Bayes,1,0
Naïve Bayes,1,1
Naïve Bayes,1,0
Naïve Bayes,0,1
Naïve Bayes,0,0
Naïve Bayes,1,0
Naïve Bayes,1,0
Naïve Bayes,0,0
Naïve Bayes,1,0
Naïve Bayes,0,0
Naïve Bayes,1,1
Naïve Bayes,1,1
Naïve Bayes,0,0
Naïve Bayes,1,0
Naïve Bayes,0,0
Naïve Bayes,0,0
Naïve Bayes,1,0
Naïve Bayes,1,0
Naïve Bayes,1,0
Naïve Bayes,0,0
Naïve Bayes,0,0
Naïve Bayes,0,0
Naïve Bayes,1,0
Naïve Bayes,0,0
Naïve Bayes,0,0
Naïve Bayes,0,0
Naïve Bayes,0,0
Naïve Bayes,0,0
Naïve Bayes,0,0
Naïve Bayes,0,0
Naïve Bayes,1,0
Naïve Bayes,0,0
Naïve Bayes,0,0
Naïve Bayes,1,0
Naïve Bayes,1,1
Naïve Bayes,0,0
Naïve Bayes,1,0
Naïve Bayes,0,0
Naïve Bayes,1,0
Naïve Bayes,0,0
Naïve Bayes,0,1
Naïve Bayes,0,0
Naïve Bayes,0,0
Naïve Bayes,0,0
Naïve Bayes,0,0
Naïve Bayes,1,0
Naïve Bayes,0,0
Naïve Bayes,1,1
Naïve Bayes,1,0
Naïve Bayes,0,0
Naïve Bayes,1,1
Naïve Bayes,0,0
Naïve Bayes,1,1
Naïve Bayes,1,1
Naïve Bayes,0,1
Naïve Bayes,1,0
Naïve Bayes,0,0
Naïve Bayes,1,0
Naïve Bayes,0,0
Naïve Bayes,1,1
Decision Tree,0,0
Decision Tree,1,0
Decision Tree,1,1
Decision Tree,0,0
Decision Tree,1,1
Decision Tree,0,0
Decision Tree,0,0
Decision Tree,0,0
Decision Tree,1,0
Decision Tree,0,0
Decision Tree,1,1
Decision Tree,0,1
Decision Tree,1,1
Decision Tree,1,1
Decision Tree,1,1
Decision Tree,0,0
Decision Tree,1,0
Decision Tree,0,1
Decision Tree,1,0
Decision Tree,1,1
Decision Tree,1,1
Decision Tree,0,0
Decision Tree,0,1
Decision Tree,0,0
Decision Tree,0,1
Decision Tree,0,1
Decision Tree,1,0
Decision Tree,0,0
Decision Tree,0,1
Decision Tree,1,1
Decision Tree,0,0
Decision Tree,1,0
Decision Tree,1,1
Decision Tree,0,1
Decision Tree,1,1
Decision Tree,1,0
Decision Tree,0,1
Decision Tree,0,1
Decision Tree,0,0
Decision Tree,0,0
Decision Tree,1,1
Decision Tree,0,0
Decision Tree,0,0
Decision Tree,0,1
Decision Tree,1,1
Decision Tree,1,0
Decision Tree,1,0
Decision Tree,0,1
Decision Tree,1,1
Decision Tree,1,1
Decision Tree,1,1
Decision Tree,1,0
Decision Tree,0,0
Decision Tree,1,1
Decision Tree,1,0
Decision Tree,0,1
Decision Tree,0,0
Decision Tree,0,0
Decision Tree,0,1
Decision Tree,1,1
Decision Tree,1,0
Decision Tree,1,1
Decision Tree,1,0
Decision Tree,0,0
Decision Tree,1,1
Decision Tree,0,1
Decision Tree,0,0
Decision Tree,1,0
Decision Tree,0,0
Decision Tree,0,0
Decision Tree,0,0
Decision Tree,0,1
Decision Tree,0,0
Decision Tree,0,0
Decision Tree,1,1
Decision Tree,0,0
Decision Tree,1,0
Decision Tree,1,0
Decision Tree,0,1
Decision Tree,0,0
Decision Tree,0,0
Decision Tree,0,0
Decision Tree,1,1
Decision Tree,1,0
Decision Tree,1,1
Decision Tree,0,0
Decision Tree,0,0
Decision Tree,1,0
Decision Tree,1,0
Decision Tree,0,0
Decision Tree,0,0
Decision Tree,1,0
Decision Tree,0,0
Decision Tree,1,0
Decision Tree,1,0
Decision Tree,1,1
Decision Tree,0,1
Decision Tree,1,1
Decision Tree,0,1
Decision Tree,0,0
Decision Tree,1,1
Decision Tree,0,1
Decision Tree,1,0
Decision Tree,1,1
Decision Tree,0,1
Decision Tree,0,0
Decision Tree,0,0
Decision Tree,1,0
Decision Tree,1,1
Decision Tree,1,1
Decision Tree,0,0
Decision Tree,1,1
Decision Tree,0,1
Decision Tree,0,0
Decision Tree,1,1
Decision Tree,0,0
Decision Tree,1,1
Decision Tree,0,0
Decision Tree,0,0
Decision Tree,1,1
Decision Tree,0,0
Decision Tree,1,0
Decision Tree,0,0
Decision Tree,0,0
Decision Tree,1,0
Decision Tree,1,1
Decision Tree,1,1
Decision Tree,0,0
Decision Tree,0,0
Decision Tree,1,1
Decision Tree,1,0
Decision Tree,0,0
Decision Tree,1,1
Decision Tree,1,1
Decision Tree,0,0
Decision Tree,1,0
Decision Tree,1,0
Decision Tree,0,0
Decision Tree,1,0
Decision Tree,0,0
Decision Tree,0,0
Decision Tree,1,0
Decision Tree,0,1
Decision Tree,1,0
Decision Tree,0,0
Decision Tree,0,0
Decision Tree,0,1
Decision Tree,1,1
Decision Tree,1,1
Decision Tree,0,1
Decision Tree,1,1
Decision Tree,1,0
Decision Tree,0,1
Decision Tree,0,1
Decision Tree,0,0
Decision Tree,1,1
Decision Tree,1,0
Decision Tree,0,0
Decision Tree,1,0
Decision Tree,0,1
Decision Tree,1,1
Decision Tree,0,1
Decision Tree,1,1
Decision Tree,0,1
Decision Tree,1,0
Decision Tree,0,1
Decision Tree,1,0
Decision Tree,1,1
Decision Tree,1,1
Decision Tree,1,1
Decision Tree,0,0
Decision Tree,0,0
Decision Tree,0,1
Decision Tree,0,0
Decision Tree,1,0
Decision Tree,0,0
Decision Tree,1,1
Decision Tree,0,0
Decision Tree,1,0
Decision Tree,1,1
Decision Tree,1,1
Decision Tree,0,1
Decision Tree,0,0
Decision Tree,1,1
Decision Tree,1,1
Decision Tree,0,0
Decision Tree,1,0
Decision Tree,0,1
Decision Tree,0,0
Decision Tree,1,0
Decision Tree,1,1
Decision Tree,0,1
Decision Tree,0,1
Decision Tree,0,1
Decision Tree,1,1
Decision Tree,1,1
Decision Tree,1,1
Decision Tree,1,1
Decision Tree,1,1
Decision Tree,1,1
Decision Tree,0,0
Decision Tree,1,0
Decision Tree,1,1
Decision Tree,1,0
Decision Tree,0,1
Decision Tree,0,0
Decision Tree,0,0
Decision Tree,1,1
Decision Tree,1,0
Decision Tree,0,0
Decision Tree,1,1
Decision Tree,1,1
Decision Tree,0,1
Decision Tree,1,0
Decision Tree,0,0
Decision Tree,1,1
Decision Tree,1,1
Decision Tree,1,1
Decision Tree,1,1
Decision Tree,1,0
Decision Tree,1,1
Decision Tree,0,1
Decision Tree,1,0
Decision Tree,1,1
Decision Tree,0,0
Decision Tree,0,0
Decision Tree,1,1
Decision Tree,1,1
Decision Tree,0,0
Decision Tree,0,0
Decision Tree,1,1
Decision Tree,0,0
Decision Tree,1,0
Decision Tree,0,1
Decision Tree,1,1
Decision Tree,1,0
Decision Tree,0,0
Decision Tree,0,0
Decision Tree,1,1
Decision Tree,0,0
Decision Tree,1,0
Decision Tree,0,0
Decision Tree,1,0
Decision Tree,0,0
Decision Tree,0,1
Decision Tree,1,0
Decision Tree,1,0
Decision Tree,0,0
Decision Tree,1,0
Decision Tree,0,0
Decision Tree,1,1
Decision Tree,0,0
Decision Tree,1,0
Decision Tree,0,0
Decision Tree,0,0
Decision Tree,0,1
Decision Tree,1,0
Decision Tree,0,0
Decision Tree,1,0
Decision Tree,0,0
Decision Tree,1,1
Decision Tree,1,1
Decision Tree,0,1
Decision Tree,0,0
Decision Tree,0,0
Decision Tree,0,0
Decision Tree,1,1
Decision Tree,0,1
Decision Tree,1,0
Decision Tree,1,1
Decision Tree,1,1
Decision Tree,0,0
Decision Tree,1,1
Decision Tree,1,1
Decision Tree,1,0
Decision Tree,0,1
Decision Tree,1,1
Decision Tree,0,0
Decision Tree,1,1
Decision Tree,1,0
Decision Tree,1,0
Decision Tree,1,1
Decision Tree,1,0
Decision Tree,0,0
Decision Tree,1,1
Decision Tree,1,0
Decision Tree,0,1
Decision Tree,0,0
Decision Tree,0,0
Decision Tree,0,1
Decision Tree,0,0
Decision Tree,0,0
Decision Tree,1,1
Decision Tree,0,0
Decision Tree,0,1
Decision Tree,0,0
Decision Tree,0,0
Decision Tree,0,0
Decision Tree,1,1
Decision Tree,0,0
Decision Tree,1,0
Decision Tree,1,1
Decision Tree,1,1
Decision Tree,0,0
Decision Tree,0,1
Decision Tree,0,0
Decision Tree,1,0
Decision Tree,0,0
Decision Tree,1,0
Decision Tree,1,1
Decision Tree,0,0
Decision Tree,1,1
Decision Tree,1,1
Decision Tree,1,0
Decision Tree,1,0
Decision Tree,1,0
Decision Tree,0,0
Decision Tree,1,0
Decision Tree,1,1
Decision Tree,0,0
Decision Tree,1,1
Decision Tree,1,1
Decision Tree,0,0
Decision Tree,0,1
Decision Tree,1,0
Decision Tree,1,0
Decision Tree,0,0
Decision Tree,0,1
Decision Tree,0,0
Decision Tree,1,1
Decision Tree,0,0
Decision Tree,0,0
Decision Tree,1,1
Decision Tree,0,0
Decision Tree,0,0
Decision Tree,0,0
Decision Tree,0,1
Decision Tree,0,0
Decision Tree,0,0
Decision Tree,1,1
Decision Tree,1,1
Decision Tree,1,0
Decision Tree,1,1
Decision Tree,1,1
Decision Tree,1,1
Decision Tree,0,1
Decision Tree,0,0
Decision Tree,0,1
Decision Tree,1,0
Decision Tree,0,1
Decision Tree,1,0
Decision Tree,0,0
Decision Tree,0,0
Decision Tree,1,1
Decision Tree,0,0
Decision Tree,0,0
Decision Tree,0,1
Decision Tree,1,1
Decision Tree,1,1
Decision Tree,1,1
Decision Tree,1,1
Decision Tree,1,1
Decision Tree,0,1
Decision Tree,0,0
Decision Tree,0,0
Decision Tree,1,0
Decision Tree,0,0
Decision Tree,1,1
Decision Tree,0,1
Decision Tree,1,0
Decision Tree,1,0
Decision Tree,0,1
Decision Tree,0,0
Decision Tree,0,0
Decision Tree,1,0
Decision Tree,0,0
Decision Tree,0,1
Decision Tree,1,0
Decision Tree,1,1
Decision Tree,0,0
Decision Tree,0,1
Decision Tree,0,0
Decision Tree,1,0
Decision Tree,0,1
Decision Tree,1,0
Decision Tree,1,0
Decision Tree,1,1
Decision Tree,0,1
Decision Tree,1,1
Decision Tree,0,0
Decision Tree,1,1
Decision Tree,1,0
Decision Tree,1,1
Decision Tree,0,0
Decision Tree,1,1
Decision Tree,1,1
Decision Tree,1,1
Decision Tree,0,1
Decision Tree,0,1
Decision Tree,1,0
Decision Tree,1,0
Decision Tree,0,0
Decision Tree,1,1
Decision Tree,0,0
Decision Tree,1,1
Decision Tree,1,1
Decision Tree,0,0
Decision Tree,1,1
Decision Tree,0,0
Decision Tree,0,0
Decision Tree,1,1
Decision Tree,1,1
Decision Tree,1,0
Decision Tree,0,1
Decision Tree,0,0
Decision Tree,0,0
Decision Tree,1,0
Decision Tree,0,0
Decision Tree,0,0
Decision Tree,0,0
Decision Tree,0,0
Decision Tree,0,1
Decision Tree,0,0
Decision Tree,0,0
Decision Tree,1,0
Decision Tree,0,0
Decision Tree,0,1
Decision Tree,1,1
Decision Tree,1,1
Decision Tree,0,1
Decision Tree,1,0
Decision Tree,0,0
Decision Tree,1,0
Decision Tree,0,0
Decision Tree,0,1
Decision Tree,0,0
Decision Tree,0,1
Decision Tree,0,0
Decision Tree,0,1
Decision Tree,1,0
Decision Tree,0,0
Decision Tree,1,1
Decision Tree,1,1
Decision Tree,0,0
Decision Tree,1,1
Decision Tree,0,1
Decision Tree,1,1
Decision Tree,1,1
Decision Tree,0,0
Decision Tree,1,0
Decision Tree,0,1
Decision Tree,1,1
Decision Tree,0,1
Decision Tree,1,1
Random Forest,0,0
Random Forest,1,1
Random Forest,1,1
Random Forest,0,0
Random Forest,1,0
Random Forest,0,1
Random Forest,0,0
Random Forest,0,0
Random Forest,1,1
Random Forest,0,1
Random Forest,1,1
Random Forest,0,0
Random Forest,1,0
Random Forest,1,0
Random Forest,1,0
Random Forest,0,0
Random Forest,1,0
Random Forest,0,0
Random Forest,1,0
Random Forest,1,1
Random Forest,1,1
Random Forest,0,0
Random Forest,0,1
Random Forest,0,0
Random Forest,0,0
Random Forest,0,1
Random Forest,1,0
Random Forest,0,0
Random Forest,0,0
Random Forest,1,1
Random Forest,0,0
Random Forest,1,1
Random Forest,1,1
Random Forest,0,0
Random Forest,1,1
Random Forest,1,0
Random Forest,0,1
Random Forest,0,1
Random Forest,0,0
Random Forest,0,0
Random Forest,1,1
Random Forest,0,0
Random Forest,0,0
Random Forest,0,0
Random Forest,1,0
Random Forest,1,1
Random Forest,1,0
Random Forest,0,0
Random Forest,1,1
Random Forest,1,1
Random Forest,1,1
Random Forest,1,0
Random Forest,0,0
Random Forest,1,1
Random Forest,1,0
Random Forest,0,0
Random Forest,0,0
Random Forest,0,0
Random Forest,0,0
Random Forest,1,0
Random Forest,1,0
Random Forest,1,1
Random Forest,1,0
Random Forest,0,1
Random Forest,1,1
Random Forest,0,0
Random Forest,0,1
Random Forest,1,1
Random Forest,0,0
Random Forest,0,0
Random Forest,0,0
Random Forest,0,1
Random Forest,0,0
Random Forest,0,0
Random Forest,1,1
Random Forest,0,1
Random Forest,1,0
Random Forest,1,0
Random Forest,0,0
Random Forest,0,0
Random Forest,0,0
Random Forest,0,0
Random Forest,1,1
Random Forest,1,1
Random Forest,1,1
Random Forest,0,0
Random Forest,0,0
Random Forest,1,0
Random Forest,1,1
Random Forest,0,0
Random Forest,0,0
Random Forest,1,1
Random Forest,0,1
Random Forest,1,1
Random Forest,1,1
Random Forest,1,1
Random Forest,0,0
Random Forest,1,0
Random Forest,0,0
Random Forest,0,0
Random Forest,1,1
Random Forest,0,0
Random Forest,1,0
Random Forest,1,0
Random Forest,0,0
Random Forest,0,0
Random Forest,0,0
Random Forest,1,1
Random Forest,1,1
Random Forest,1,0
Random Forest,0,0
Random Forest,1,1
Random Forest,0,0
Random Forest,0,0
Random Forest,1,0
Random Forest,0,1
Random Forest,1,0
Random Forest,0,0
Random Forest,0,0
Random Forest,1,0
Random Forest,0,1
Random Forest,1,1
Random Forest,0,0
Random Forest,0,0
Random Forest,1,0
Random Forest,1,0
Random Forest,1,0
Random Forest,0,0
Random Forest,0,0
Random Forest,1,1
Random Forest,1,1
Random Forest,0,1
Random Forest,1,0
Random Forest,1,1
Random Forest,0,0
Random Forest,1,0
Random Forest,1,0
Random Forest,0,0
Random Forest,1,0
Random Forest,0,0
Random Forest,0,0
Random Forest,1,0
Random Forest,0,0
Random Forest,1,0
Random Forest,0,0
Random Forest,0,0
Random Forest,0,0
Random Forest,1,1
Random Forest,1,1
Random Forest,0,0
Random Forest,1,1
Random Forest,1,0
Random Forest,0,1
Random Forest,0,0
Random Forest,0,0
Random Forest,1,0
Random Forest,1,1
Random Forest,0,0
Random Forest,1,0
Random Forest,0,0
Random Forest,1,1
Random Forest,0,0
Random Forest,1,1
Random Forest,0,0
Random Forest,1,0
Random Forest,0,1
Random Forest,1,0
Random Forest,1,1
Random Forest,1,1
Random Forest,1,0
Random Forest,0,0
Random Forest,0,0
Random Forest,0,1
Random Forest,0,0
Random Forest,1,1
Random Forest,0,0
Random Forest,1,1
Random Forest,0,1
Random Forest,1,0
Random Forest,1,1
Random Forest,1,1
Random Forest,0,0
Random Forest,0,0
Random Forest,1,1
Random Forest,1,0
Random Forest,0,0
Random Forest,1,0
Random Forest,0,1
Random Forest,0,0
Random Forest,1,0
Random Forest,1,0
Random Forest,0,0
Random Forest,0,0
Random Forest,0,0
Random Forest,1,1
Random Forest,1,1
Random Forest,1,0
Random Forest,1,1
Random Forest,1,0
Random Forest,1,1
Random Forest,0,0
Random Forest,1,0
Random Forest,1,0
Random Forest,1,1
Random Forest,0,1
Random Forest,0,0
Random Forest,0,0
Random Forest,1,1
Random Forest,1,1
Random Forest,0,0
Random Forest,1,1
Random Forest,1,0
Random Forest,0,0
Random Forest,1,1
Random Forest,0,0
Random Forest,1,1
Random Forest,1,0
Random Forest,1,1
Random Forest,1,0
Random Forest,1,0
Random Forest,1,0
Random Forest,0,0
Random Forest,1,0
Random Forest,1,0
Random Forest,0,0
Random Forest,0,0
Random Forest,1,1
Random Forest,1,1
Random Forest,0,0
Random Forest,0,0
Random Forest,1,1
Random Forest,0,0
Random Forest,1,0
Random Forest,0,1
Random Forest,1,0
Random Forest,1,0
Random Forest,0,0
Random Forest,0,1
Random Forest,1,1
Random Forest,0,0
Random Forest,1,1
Random Forest,0,0
Random Forest,1,0
Random Forest,0,0
Random Forest,0,1
Random Forest,1,0
Random Forest,1,0
Random Forest,0,0
Random Forest,1,0
Random Forest,0,0
Random Forest,1,1
Random Forest,0,0
Random Forest,1,1
Random Forest,0,0
Random Forest,0,0
Random Forest,0,0
Random Forest,1,0
Random Forest,0,1
Random Forest,1,0
Random Forest,0,0
Random Forest,1,1
Random Forest,1,0
Random Forest,0,0
Random Forest,0,0
Random Forest,0,0
Random Forest,0,0
Random Forest,1,1
Random Forest,0,0
Random Forest,1,1
Random Forest,1,1
Random Forest,1,1
Random Forest,0,0
Random Forest,1,1
Random Forest,1,1
Random Forest,1,0
Random Forest,0,0
Random Forest,1,0
Random Forest,0,0
Random Forest,1,1
Random Forest,1,1
Random Forest,1,0
Random Forest,1,1
Random Forest,1,0
Random Forest,0,0
Random Forest,1,1
Random Forest,1,0
Random Forest,0,0
Random Forest,0,0
Random Forest,0,0
Random Forest,0,0
Random Forest,0,0
Random Forest,0,0
Random Forest,1,0
Random Forest,0,0
Random Forest,0,1
Random Forest,0,0
Random Forest,0,1
Random Forest,0,0
Random Forest,1,1
Random Forest,0,0
Random Forest,1,0
Random Forest,1,1
Random Forest,1,0
Random Forest,0,0
Random Forest,0,0
Random Forest,0,0
Random Forest,1,0
Random Forest,0,0
Random Forest,1,0
Random Forest,1,1
Random Forest,0,1
Random Forest,1,1
Random Forest,1,1
Random Forest,1,1
Random Forest,1,0
Random Forest,1,0
Random Forest,0,0
Random Forest,1,0
Random Forest,1,0
Random Forest,0,0
Random Forest,1,1
Random Forest,1,1
Random Forest,0,0
Random Forest,0,1
Random Forest,1,0
Random Forest,1,0
Random Forest,0,0
Random Forest,0,0
Random Forest,0,0
Random Forest,1,1
Random Forest,0,0
Random Forest,0,0
Random Forest,1,1
Random Forest,0,0
Random Forest,0,0
Random Forest,0,1
Random Forest,0,0
Random Forest,0,0
Random Forest,0,0
Random Forest,1,1
Random Forest,1,0
Random Forest,1,0
Random Forest,1,1
Random Forest,1,1
Random Forest,1,1
Random Forest,0,0
Random Forest,0,0
Random Forest,0,1
Random Forest,1,1
Random Forest,0,1
Random Forest,1,0
Random Forest,0,0
Random Forest,0,0
Random Forest,1,0
Random Forest,0,0
Random Forest,0,0
Random Forest,0,0
Random Forest,1,1
Random Forest,1,1
Random Forest,1,1
Random Forest,1,1
Random Forest,1,0
Random Forest,0,1
Random Forest,0,0
Random Forest,0,0
Random Forest,1,0
Random Forest,0,0
Random Forest,1,1
Random Forest,0,1
Random Forest,1,1
Random Forest,1,1
Random Forest,0,0
Random Forest,0,0
Random Forest,0,0
Random Forest,1,0
Random Forest,0,0
Random Forest,0,0
Random Forest,1,0
Random Forest,1,1
Random Forest,0,0
Random Forest,0,1
Random Forest,0,0
Random Forest,1,0
Random Forest,0,1
Random Forest,1,1
Random Forest,1,1
Random Forest,1,1
Random Forest,0,0
Random Forest,1,1
Random Forest,0,0
Random Forest,1,0
Random Forest,1,0
Random Forest,1,1
Random Forest,0,1
Random Forest,1,0
Random Forest,1,1
Random Forest,1,0
Random Forest,0,1
Random Forest,0,0
Random Forest,1,0
Random Forest,1,0
Random Forest,0,0
Random Forest,1,1
Random Forest,0,0
Random Forest,1,1
Random Forest,1,1
Random Forest,0,1
Random Forest,1,1
Random Forest,0,0
Random Forest,0,0
Random Forest,1,0
Random Forest,1,1
Random Forest,1,0
Random Forest,0,0
Random Forest,0,0
Random Forest,0,0
Random Forest,1,1
Random Forest,0,1
Random Forest,0,0
Random Forest,0,0
Random Forest,0,0
Random Forest,0,1
Random Forest,0,0
Random Forest,0,0
Random Forest,1,0
Random Forest,0,0
Random Forest,0,1
Random Forest,1,0
Random Forest,1,1
Random Forest,0,0
Random Forest,1,0
Random Forest,0,0
Random Forest,1,0
Random Forest,0,0
Random Forest,0,1
Random Forest,0,0
Random Forest,0,0
Random Forest,0,0
Random Forest,0,1
Random Forest,1,0
Random Forest,0,0
Random Forest,1,1
Random Forest,1,1
Random Forest,0,0
Random Forest,1,1
Random Forest,0,0
Random Forest,1,1
Random Forest,1,1
Random Forest,0,0
Random Forest,1,1
Random Forest,0,0
Random Forest,1,0
Random Forest,0,1
Random Forest,1,1
GBM,0,0
GBM,1,1
GBM,1,1
GBM,0,0
GBM,1,1
GBM,0,0
GBM,0,0
GBM,0,0
GBM,1,1
GBM,0,1
GBM,1,1
GBM,0,0
GBM,1,1
GBM,1,0
GBM,1,1
GBM,0,0
GBM,1,0
GBM,0,1
GBM,1,0
GBM,1,1
GBM,1,1
GBM,0,0
GBM,0,0
GBM,0,0
GBM,0,0
GBM,0,1
GBM,1,0
GBM,0,0
GBM,0,0
GBM,1,0
GBM,0,0
GBM,1,0
GBM,1,1
GBM,0,0
GBM,1,1
GBM,1,1
GBM,0,1
GBM,0,1
GBM,0,0
GBM,0,0
GBM,1,1
GBM,0,0
GBM,0,0
GBM,0,1
GBM,1,1
GBM,1,1
GBM,1,0
GBM,0,0
GBM,1,1
GBM,1,1
GBM,1,1
GBM,1,0
GBM,0,0
GBM,1,1
GBM,1,0
GBM,0,0
GBM,0,1
GBM,0,1
GBM,0,0
GBM,1,1
GBM,1,0
GBM,1,1
GBM,1,0
GBM,0,0
GBM,1,1
GBM,0,0
GBM,0,1
GBM,1,1
GBM,0,0
GBM,0,0
GBM,0,0
GBM,0,0
GBM,0,0
GBM,0,0
GBM,1,1
GBM,0,0
GBM,1,0
GBM,1,0
GBM,0,1
GBM,0,0
GBM,0,0
GBM,0,0
GBM,1,1
GBM,1,1
GBM,1,1
GBM,0,0
GBM,0,0
GBM,1,0
GBM,1,1
GBM,0,0
GBM,0,1
GBM,1,1
GBM,0,1
GBM,1,1
GBM,1,0
GBM,1,1
GBM,0,0
GBM,1,1
GBM,0,0
GBM,0,0
GBM,1,1
GBM,0,0
GBM,1,0
GBM,1,0
GBM,0,1
GBM,0,1
GBM,0,0
GBM,1,0
GBM,1,1
GBM,1,0
GBM,0,0
GBM,1,1
GBM,0,1
GBM,0,0
GBM,1,1
GBM,0,1
GBM,1,0
GBM,0,0
GBM,0,0
GBM,1,1
GBM,0,0
GBM,1,0
GBM,0,0
GBM,0,0
GBM,1,0
GBM,1,1
GBM,1,0
GBM,0,1
GBM,0,0
GBM,1,1
GBM,1,0
GBM,0,1
GBM,1,1
GBM,1,1
GBM,0,0
GBM,1,0
GBM,1,0
GBM,0,0
GBM,1,0
GBM,0,0
GBM,0,0
GBM,1,1
GBM,0,0
GBM,1,1
GBM,0,0
GBM,0,1
GBM,0,0
GBM,1,1
GBM,1,1
GBM,0,1
GBM,1,0
GBM,1,1
GBM,0,1
GBM,0,1
GBM,0,0
GBM,1,1
GBM,1,1
GBM,0,0
GBM,1,0
GBM,0,0
GBM,1,1
GBM,0,0
GBM,1,1
GBM,0,1
GBM,1,0
GBM,0,0
GBM,1,0
GBM,1,1
GBM,1,1
GBM,1,0
GBM,0,0
GBM,0,0
GBM,0,0
GBM,0,0
GBM,1,0
GBM,0,0
GBM,1,1
GBM,0,1
GBM,1,1
GBM,1,1
GBM,1,0
GBM,0,0
GBM,0,1
GBM,1,1
GBM,1,0
GBM,0,0
GBM,1,0
GBM,0,1
GBM,0,0
GBM,1,0
GBM,1,0
GBM,0,0
GBM,0,1
GBM,0,0
GBM,1,1
GBM,1,1
GBM,1,0
GBM,1,1
GBM,1,1
GBM,1,0
GBM,0,0
GBM,1,1
GBM,1,0
GBM,1,1
GBM,0,0
GBM,0,1
GBM,0,0
GBM,1,1
GBM,1,0
GBM,0,0
GBM,1,1
GBM,1,1
GBM,0,1
GBM,1,1
GBM,0,0
GBM,1,1
GBM,1,0
GBM,1,1
GBM,1,1
GBM,1,0
GBM,1,0
GBM,0,1
GBM,1,0
GBM,1,1
GBM,0,0
GBM,0,0
GBM,1,1
GBM,1,1
GBM,0,0
GBM,0,0
GBM,1,1
GBM,0,0
GBM,1,0
GBM,0,0
GBM,1,1
GBM,1,1
GBM,0,1
GBM,0,1
GBM,1,1
GBM,0,0
GBM,1,0
GBM,0,1
GBM,1,0
GBM,0,0
GBM,0,1
GBM,1,0
GBM,1,1
GBM,0,0
GBM,1,1
GBM,0,0
GBM,1,1
GBM,0,0
GBM,1,0
GBM,0,0
GBM,0,0
GBM,0,0
GBM,1,0
GBM,0,1
GBM,1,0
GBM,0,0
GBM,1,1
GBM,1,1
GBM,0,1
GBM,0,0
GBM,0,0
GBM,0,0
GBM,1,1
GBM,0,0
GBM,1,1
GBM,1,1
GBM,1,1
GBM,0,0
GBM,1,1
GBM,1,1
GBM,1,1
GBM,0,0
GBM,1,1
GBM,0,1
GBM,1,1
GBM,1,1
GBM,1,1
GBM,1,1
GBM,1,1
GBM,0,0
GBM,1,1
GBM,1,0
GBM,0,1
GBM,0,0
GBM,0,0
GBM,0,1
GBM,0,0
GBM,0,1
GBM,1,0
GBM,0,0
GBM,0,1
GBM,0,1
GBM,0,0
GBM,0,1
GBM,1,1
GBM,0,0
GBM,1,1
GBM,1,0
GBM,1,1
GBM,0,0
GBM,0,1
GBM,0,0
GBM,1,0
GBM,0,0
GBM,1,0
GBM,1,0
GBM,0,0
GBM,1,1
GBM,1,1
GBM,1,1
GBM,1,0
GBM,1,0
GBM,0,0
GBM,1,1
GBM,1,0
GBM,0,0
GBM,1,1
GBM,1,0
GBM,0,0
GBM,0,0
GBM,1,1
GBM,1,1
GBM,0,0
GBM,0,0
GBM,0,0
GBM,1,1
GBM,0,0
GBM,0,0
GBM,1,1
GBM,0,0
GBM,0,0
GBM,0,1
GBM,0,0
GBM,0,0
GBM,0,0
GBM,1,1
GBM,1,0
GBM,1,1
GBM,1,1
GBM,1,1
GBM,1,1
GBM,0,0
GBM,0,0
GBM,0,1
GBM,1,0
GBM,0,1
GBM,1,0
GBM,0,0
GBM,0,0
GBM,1,1
GBM,0,0
GBM,0,0
GBM,0,0
GBM,1,1
GBM,1,1
GBM,1,1
GBM,1,0
GBM,1,0
GBM,0,1
GBM,0,0
GBM,0,1
GBM,1,0
GBM,0,0
GBM,1,1
GBM,0,1
GBM,1,1
GBM,1,0
GBM,0,1
GBM,0,0
GBM,0,0
GBM,1,0
GBM,0,0
GBM,0,0
GBM,1,1
GBM,1,1
GBM,0,0
GBM,0,1
GBM,0,0
GBM,1,0
GBM,0,1
GBM,1,0
GBM,1,1
GBM,1,1
GBM,0,1
GBM,1,1
GBM,0,0
GBM,1,0
GBM,1,1
GBM,1,1
GBM,0,0
GBM,1,0
GBM,1,1
GBM,1,0
GBM,0,1
GBM,0,0
GBM,1,0
GBM,1,0
GBM,0,0
GBM,1,1
GBM,0,0
GBM,1,1
GBM,1,1
GBM,0,0
GBM,1,1
GBM,0,1
GBM,0,0
GBM,1,1
GBM,1,0
GBM,1,1
GBM,0,0
GBM,0,1
GBM,0,0
GBM,1,1
GBM,0,0
GBM,0,0
GBM,0,0
GBM,0,0
GBM,0,0
GBM,0,0
GBM,0,1
GBM,1,1
GBM,0,1
GBM,0,1
GBM,1,1
GBM,1,1
GBM,0,1
GBM,1,0
GBM,0,0
GBM,1,0
GBM,0,0
GBM,0,1
GBM,0,1
GBM,0,1
GBM,0,0
GBM,0,1
GBM,1,0
GBM,0,0
GBM,1,1
GBM,1,0
GBM,0,0
GBM,1,1
GBM,0,1
GBM,1,1
GBM,1,1
GBM,0,1
GBM,1,1
GBM,0,0
GBM,1,0
GBM,0,1
GBM,1,1
MLP,0,0
MLP,1,1
MLP,1,1
MLP,0,1
MLP,1,0
MLP,0,0
MLP,0,0
MLP,0,0
MLP,1,0
MLP,0,1
MLP,1,1
MLP,0,0
MLP,1,0
MLP,1,0
MLP,1,0
MLP,0,0
MLP,1,1
MLP,0,0
MLP,1,0
MLP,1,1
MLP,1,0
MLP,0,0
MLP,0,1
MLP,0,0
MLP,0,1
MLP,0,1
MLP,1,0
MLP,0,0
MLP,0,0
MLP,1,1
MLP,0,0
MLP,1,0
MLP,1,1
MLP,0,1
MLP,1,0
MLP,1,0
MLP,0,1
MLP,0,1
MLP,0,0
MLP,0,0
MLP,1,1
MLP,0,0
MLP,0,0
MLP,0,1
MLP,1,0
MLP,1,0
MLP,1,0
MLP,0,0
MLP,1,1
MLP,1,1
MLP,1,1
MLP,1,0
MLP,0,1
MLP,1,1
MLP,1,0
MLP,0,0
MLP,0,0
MLP,0,0
MLP,0,0
MLP,1,0
MLP,1,0
MLP,1,1
MLP,1,0
MLP,0,0
MLP,1,1
MLP,0,0
MLP,0,1
MLP,1,0
MLP,0,0
MLP,0,0
MLP,0,0
MLP,0,1
MLP,0,0
MLP,0,0
MLP,1,1
MLP,0,0
MLP,1,0
MLP,1,0
MLP,0,1
MLP,0,0
MLP,0,0
MLP,0,0
MLP,1,1
MLP,1,1
MLP,1,1
MLP,0,0
MLP,0,0
MLP,1,0
MLP,1,0
MLP,0,0
MLP,0,1
MLP,1,1
MLP,0,0
MLP,1,0
MLP,1,0
MLP,1,1
MLP,0,0
MLP,1,0
MLP,0,0
MLP,0,0
MLP,1,0
MLP,0,0
MLP,1,0
MLP,1,0
MLP,0,0
MLP,0,0
MLP,0,0
MLP,1,1
MLP,1,1
MLP,1,1
MLP,0,0
MLP,1,1
MLP,0,0
MLP,0,0
MLP,1,1
MLP,0,0
MLP,1,0
MLP,0,0
MLP,0,0
MLP,1,0
MLP,0,0
MLP,1,0
MLP,0,0
MLP,0,0
MLP,1,0
MLP,1,0
MLP,1,0
MLP,0,0
MLP,0,0
MLP,1,0
MLP,1,0
MLP,0,1
MLP,1,0
MLP,1,1
MLP,0,0
MLP,1,0
MLP,1,0
MLP,0,0
MLP,1,0
MLP,0,0
MLP,0,0
MLP,1,0
MLP,0,0
MLP,1,1
MLP,0,0
MLP,0,0
MLP,0,0
MLP,1,1
MLP,1,1
MLP,0,0
MLP,1,0
MLP,1,1
MLP,0,1
MLP,0,0
MLP,0,0
MLP,1,1
MLP,1,1
MLP,0,0
MLP,1,0
MLP,0,0
MLP,1,1
MLP,0,0
MLP,1,1
MLP,0,0
MLP,1,0
MLP,0,0
MLP,1,0
MLP,1,1
MLP,1,1
MLP,1,0
MLP,0,0
MLP,0,0
MLP,0,1
MLP,0,0
MLP,1,1
MLP,0,0
MLP,1,1
MLP,0,1
MLP,1,0
MLP,1,0
MLP,1,1
MLP,0,0
MLP,0,1
MLP,1,0
MLP,1,0
MLP,0,0
MLP,1,0
MLP,0,1
MLP,0,0
MLP,1,0
MLP,1,1
MLP,0,0
MLP,0,1
MLP,0,0
MLP,1,1
MLP,1,1
MLP,1,0
MLP,1,0
MLP,1,0
MLP,1,0
MLP,0,1
MLP,1,0
MLP,1,0
MLP,1,0
MLP,0,0
MLP,0,0
MLP,0,0
MLP,1,1
MLP,1,1
MLP,0,0
MLP,1,1
MLP,1,0
MLP,0,0
MLP,1,1
MLP,0,0
MLP,1,0
MLP,1,0
MLP,1,0
MLP,1,0
MLP,1,0
MLP,1,0
MLP,0,0
MLP,1,0
MLP,1,0
MLP,0,0
MLP,0,0
MLP,1,1
MLP,1,1
MLP,0,0
MLP,0,0
MLP,1,1
MLP,0,0
MLP,1,0
MLP,0,0
MLP,1,0
MLP,1,0
MLP,0,0
MLP,0,0
MLP,1,1
MLP,0,0
MLP,1,1
MLP,0,0
MLP,1,0
MLP,0,0
MLP,0,1
MLP,1,0
MLP,1,0
MLP,0,0
MLP,1,0
MLP,0,0
MLP,1,0
MLP,0,0
MLP,1,0
MLP,0,0
MLP,0,0
MLP,0,0
MLP,1,0
MLP,0,1
MLP,1,1
MLP,0,1
MLP,1,1
MLP,1,0
MLP,0,0
MLP,0,0
MLP,0,0
MLP,0,0
MLP,1,0
MLP,0,0
MLP,1,0
MLP,1,1
MLP,1,1
MLP,0,0
MLP,1,1
MLP,1,0
MLP,1,1
MLP,0,0
MLP,1,0
MLP,0,0
MLP,1,1
MLP,1,1
MLP,1,0
MLP,1,0
MLP,1,0
MLP,0,0
MLP,1,1
MLP,1,0
MLP,0,0
MLP,0,0
MLP,0,0
MLP,0,0
MLP,0,0
MLP,0,0
MLP,1,0
MLP,0,0
MLP,0,1
MLP,0,0
MLP,0,1
MLP,0,0
MLP,1,1
MLP,0,0
MLP,1,0
MLP,1,0
MLP,1,0
MLP,0,0
MLP,0,0
MLP,0,0
MLP,1,0
MLP,0,0
MLP,1,0
MLP,1,1
MLP,0,0
MLP,1,1
MLP,1,1
MLP,1,0
MLP,1,0
MLP,1,0
MLP,0,0
MLP,1,0
MLP,1,0
MLP,0,0
MLP,1,1
MLP,1,0
MLP,0,0
MLP,0,1
MLP,1,0
MLP,1,0
MLP,0,0
MLP,0,0
MLP,0,0
MLP,1,1
MLP,0,0
MLP,0,0
MLP,1,1
MLP,0,0
MLP,0,0
MLP,0,1
MLP,0,0
MLP,0,0
MLP,0,0
MLP,1,1
MLP,1,0
MLP,1,0
MLP,1,1
MLP,1,1
MLP,1,1
MLP,0,0
MLP,0,0
MLP,0,1
MLP,1,1
MLP,0,1
MLP,1,0
MLP,0,0
MLP,0,0
MLP,1,0
MLP,0,0
MLP,0,0
MLP,0,0
MLP,1,1
MLP,1,0
MLP,1,0
MLP,1,1
MLP,1,0
MLP,0,1
MLP,0,0
MLP,0,0
MLP,1,0
MLP,0,0
MLP,1,0
MLP,0,1
MLP,1,0
MLP,1,1
MLP,0,0
MLP,0,0
MLP,0,0
MLP,1,0
MLP,0,0
MLP,0,0
MLP,1,0
MLP,1,1
MLP,0,0
MLP,0,0
MLP,0,0
MLP,1,0
MLP,0,1
MLP,1,0
MLP,1,0
MLP,1,1
MLP,0,0
MLP,1,1
MLP,0,0
MLP,1,0
MLP,1,0
MLP,1,1
MLP,0,1
MLP,1,0
MLP,1,1
MLP,1,0
MLP,0,1
MLP,0,0
MLP,1,0
MLP,1,0
MLP,0,0
MLP,1,1
MLP,0,0
MLP,1,1
MLP,1,1
MLP,0,0
MLP,1,1
MLP,0,0
MLP,0,0
MLP,1,1
MLP,1,0
MLP,1,0
MLP,0,0
MLP,0,0
MLP,0,0
MLP,1,0
MLP,0,0
MLP,0,0
MLP,0,0
MLP,0,0
MLP,0,1
MLP,0,0
MLP,0,0
MLP,1,0
MLP,0,0
MLP,0,0
MLP,1,0
MLP,1,1
MLP,0,0
MLP,1,0
MLP,0,0
MLP,1,0
MLP,0,0
MLP,0,1
MLP,0,0
MLP,0,0
MLP,0,0
MLP,0,0
MLP,1,0
MLP,0,0
MLP,1,1
MLP,1,0
MLP,0,0
MLP,1,1
MLP,0,0
MLP,1,1
MLP,1,1
MLP,0,1
MLP,1,0
MLP,0,0
MLP,1,0
MLP,0,1
MLP,1,1
RBF SVM,0,0
RBF SVM,1,1
RBF SVM,1,1
RBF SVM,0,0
RBF SVM,1,0
RBF SVM,0,0
RBF SVM,0,0
RBF SVM,0,0
RBF SVM,1,0
RBF SVM,0,1
RBF SVM,1,1
RBF SVM,0,0
RBF SVM,1,0
RBF SVM,1,0
RBF SVM,1,0
RBF SVM,0,0
RBF SVM,1,1
RBF SVM,0,0
RBF SVM,1,0
RBF SVM,1,1
RBF SVM,1,0
RBF SVM,0,0
RBF SVM,0,1
RBF SVM,0,0
RBF SVM,0,0
RBF SVM,0,1
RBF SVM,1,0
RBF SVM,0,0
RBF SVM,0,0
RBF SVM,1,1
RBF SVM,0,0
RBF SVM,1,0
RBF SVM,1,1
RBF SVM,0,0
RBF SVM,1,0
RBF SVM,1,0
RBF SVM,0,1
RBF SVM,0,1
RBF SVM,0,0
RBF SVM,0,0
RBF SVM,1,1
RBF SVM,0,0
RBF SVM,0,0
RBF SVM,0,1
RBF SVM,1,0
RBF SVM,1,0
RBF SVM,1,0
RBF SVM,0,0
RBF SVM,1,1
RBF SVM,1,1
RBF SVM,1,1
RBF SVM,1,0
RBF SVM,0,0
RBF SVM,1,1
RBF SVM,1,0
RBF SVM,0,0
RBF SVM,0,0
RBF SVM,0,0
RBF SVM,0,0
RBF SVM,1,0
RBF SVM,1,0
RBF SVM,1,0
RBF SVM,1,0
RBF SVM,0,0
RBF SVM,1,0
RBF SVM,0,0
RBF SVM,0,0
RBF SVM,1,0
RBF SVM,0,0
RBF SVM,0,0
RBF SVM,0,0
RBF SVM,0,1
RBF SVM,0,0
RBF SVM,0,0
RBF SVM,1,0
RBF SVM,0,0
RBF SVM,1,0
RBF SVM,1,1
RBF SVM,0,0
RBF SVM,0,0
RBF SVM,0,0
RBF SVM,0,0
RBF SVM,1,1
RBF SVM,1,1
RBF SVM,1,1
RBF SVM,0,0
RBF SVM,0,0
RBF SVM,1,0
RBF SVM,1,0
RBF SVM,0,0
RBF SVM,0,1
RBF SVM,1,1
RBF SVM,0,0
RBF SVM,1,0
RBF SVM,1,1
RBF SVM,1,1
RBF SVM,0,0
RBF SVM,1,0
RBF SVM,0,0
RBF SVM,0,0
RBF SVM,1,0
RBF SVM,0,0
RBF SVM,1,0
RBF SVM,1,0
RBF SVM,0,0
RBF SVM,0,0
RBF SVM,0,0
RBF SVM,1,1
RBF SVM,1,1
RBF SVM,1,0
RBF SVM,0,0
RBF SVM,1,1
RBF SVM,0,0
RBF SVM,0,1
RBF SVM,1,0
RBF SVM,0,0
RBF SVM,1,0
RBF SVM,0,0
RBF SVM,0,0
RBF SVM,1,0
RBF SVM,0,0
RBF SVM,1,0
RBF SVM,0,0
RBF SVM,0,0
RBF SVM,1,0
RBF SVM,1,0
RBF SVM,1,0
RBF SVM,0,0
RBF SVM,0,0
RBF SVM,1,0
RBF SVM,1,0
RBF SVM,0,1
RBF SVM,1,0
RBF SVM,1,1
RBF SVM,0,0
RBF SVM,1,0
RBF SVM,1,0
RBF SVM,0,0
RBF SVM,1,0
RBF SVM,0,0
RBF SVM,0,0
RBF SVM,1,0
RBF SVM,0,0
RBF SVM,1,1
RBF SVM,0,0
RBF SVM,0,1
RBF SVM,0,0
RBF SVM,1,1
RBF SVM,1,1
RBF SVM,0,0
RBF SVM,1,0
RBF SVM,1,0
RBF SVM,0,1
RBF SVM,0,0
RBF SVM,0,0
RBF SVM,1,1
RBF SVM,1,1
RBF SVM,0,0
RBF SVM,1,0
RBF SVM,0,0
RBF SVM,1,1
RBF SVM,0,0
RBF SVM,1,1
RBF SVM,0,0
RBF SVM,1,0
RBF SVM,0,0
RBF SVM,1,0
RBF SVM,1,1
RBF SVM,1,0
RBF SVM,1,0
RBF SVM,0,0
RBF SVM,0,0
RBF SVM,0,1
RBF SVM,0,0
RBF SVM,1,1
RBF SVM,0,0
RBF SVM,1,1
RBF SVM,0,1
RBF SVM,1,0
RBF SVM,1,0
RBF SVM,1,1
RBF SVM,0,0
RBF SVM,0,0
RBF SVM,1,0
RBF SVM,1,0
RBF SVM,0,0
RBF SVM,1,0
RBF SVM,0,0
RBF SVM,0,0
RBF SVM,1,0
RBF SVM,1,1
RBF SVM,0,0
RBF SVM,0,0
RBF SVM,0,0
RBF SVM,1,1
RBF SVM,1,1
RBF SVM,1,0
RBF SVM,1,0
RBF SVM,1,0
RBF SVM,1,0
RBF SVM,0,0
RBF SVM,1,0
RBF SVM,1,0
RBF SVM,1,0
RBF SVM,0,0
RBF SVM,0,0
RBF SVM,0,0
RBF SVM,1,1
RBF SVM,1,1
RBF SVM,0,0
RBF SVM,1,1
RBF SVM,1,0
RBF SVM,0,0
RBF SVM,1,1
RBF SVM,0,0
RBF SVM,1,0
RBF SVM,1,0
RBF SVM,1,0
RBF SVM,1,0
RBF SVM,1,0
RBF SVM,1,0
RBF SVM,0,1
RBF SVM,1,0
RBF SVM,1,0
RBF SVM,0,0
RBF SVM,0,0
RBF SVM,1,1
RBF SVM,1,1
RBF SVM,0,0
RBF SVM,0,0
RBF SVM,1,1
RBF SVM,0,0
RBF SVM,1,0
RBF SVM,0,0
RBF SVM,1,0
RBF SVM,1,0
RBF SVM,0,0
RBF SVM,0,0
RBF SVM,1,0
RBF SVM,0,0
RBF SVM,1,1
RBF SVM,0,0
RBF SVM,1,0
RBF SVM,0,0
RBF SVM,0,1
RBF SVM,1,0
RBF SVM,1,0
RBF SVM,0,0
RBF SVM,1,0
RBF SVM,0,0
RBF SVM,1,0
RBF SVM,0,0
RBF SVM,1,0
RBF SVM,0,0
RBF SVM,0,0
RBF SVM,0,0
RBF SVM,1,0
RBF SVM,0,0
RBF SVM,1,1
RBF SVM,0,1
RBF SVM,1,1
RBF SVM,1,0
RBF SVM,0,0
RBF SVM,0,0
RBF SVM,0,0
RBF SVM,0,0
RBF SVM,1,0
RBF SVM,0,0
RBF SVM,1,1
RBF SVM,1,1
RBF SVM,1,1
RBF SVM,0,0
RBF SVM,1,1
RBF SVM,1,1
RBF SVM,1,1
RBF SVM,0,0
RBF SVM,1,0
RBF SVM,0,0
RBF SVM,1,1
RBF SVM,1,1
RBF SVM,1,0
RBF SVM,1,0
RBF SVM,1,0
RBF SVM,0,0
RBF SVM,1,1
RBF SVM,1,0
RBF SVM,0,0
RBF SVM,0,0
RBF SVM,0,0
RBF SVM,0,0
RBF SVM,0,0
RBF SVM,0,0
RBF SVM,1,0
RBF SVM,0,0
RBF SVM,0,1
RBF SVM,0,0
RBF SVM,0,0
RBF SVM,0,0
RBF SVM,1,1
RBF SVM,0,0
RBF SVM,1,0
RBF SVM,1,0
RBF SVM,1,0
RBF SVM,0,0
RBF SVM,0,0
RBF SVM,0,0
RBF SVM,1,0
RBF SVM,0,0
RBF SVM,1,0
RBF SVM,1,1
RBF SVM,0,0
RBF SVM,1,1
RBF SVM,1,1
RBF SVM,1,0
RBF SVM,1,0
RBF SVM,1,0
RBF SVM,0,0
RBF SVM,1,0
RBF SVM,1,0
RBF SVM,0,0
RBF SVM,1,1
RBF SVM,1,0
RBF SVM,0,0
RBF SVM,0,0
RBF SVM,1,0
RBF SVM,1,0
RBF SVM,0,0
RBF SVM,0,0
RBF SVM,0,0
RBF SVM,1,1
RBF SVM,0,0
RBF SVM,0,0
RBF SVM,1,1
RBF SVM,0,1
RBF SVM,0,0
RBF SVM,0,1
RBF SVM,0,0
RBF SVM,0,0
RBF SVM,0,0
RBF SVM,1,1
RBF SVM,1,0
RBF SVM,1,0
RBF SVM,1,1
RBF SVM,1,1
RBF SVM,1,1
RBF SVM,0,0
RBF SVM,0,0
RBF SVM,0,1
RBF SVM,1,1
RBF SVM,0,1
RBF SVM,1,0
RBF SVM,0,0
RBF SVM,0,0
RBF SVM,1,0
RBF SVM,0,0
RBF SVM,0,0
RBF SVM,0,0
RBF SVM,1,1
RBF SVM,1,0
RBF SVM,1,0
RBF SVM,1,1
RBF SVM,1,0
RBF SVM,0,1
RBF SVM,0,0
RBF SVM,0,0
RBF SVM,1,0
RBF SVM,0,0
RBF SVM,1,0
RBF SVM,0,1
RBF SVM,1,0
RBF SVM,1,1
RBF SVM,0,0
RBF SVM,0,0
RBF SVM,0,0
RBF SVM,1,0
RBF SVM,0,0
RBF SVM,0,0
RBF SVM,1,0
RBF SVM,1,1
RBF SVM,0,0
RBF SVM,0,0
RBF SVM,0,0
RBF SVM,1,0
RBF SVM,0,1
RBF SVM,1,0
RBF SVM,1,0
RBF SVM,1,1
RBF SVM,0,0
RBF SVM,1,1
RBF SVM,0,0
RBF SVM,1,0
RBF SVM,1,0
RBF SVM,1,1
RBF SVM,0,0
RBF SVM,1,0
RBF SVM,1,1
RBF SVM,1,0
RBF SVM,0,1
RBF SVM,0,0
RBF SVM,1,0
RBF SVM,1,0
RBF SVM,0,0
RBF SVM,1,0
RBF SVM,0,0
RBF SVM,1,1
RBF SVM,1,1
RBF SVM,0,0
RBF SVM,1,0
RBF SVM,0,0
RBF SVM,0,0
RBF SVM,1,0
RBF SVM,1,0
RBF SVM,1,0
RBF SVM,0,0
RBF SVM,0,0
RBF SVM,0,0
RBF SVM,1,0
RBF SVM,0,0
RBF SVM,0,0
RBF SVM,0,1
RBF SVM,0,0
RBF SVM,0,1
RBF SVM,0,0
RBF SVM,0,0
RBF SVM,1,0
RBF SVM,0,0
RBF SVM,0,0
RBF SVM,1,0
RBF SVM,1,1
RBF SVM,0,0
RBF SVM,1,0
RBF SVM,0,0
RBF SVM,1,0
RBF SVM,0,0
RBF SVM,0,1
RBF SVM,0,0
RBF SVM,0,0
RBF SVM,0,0
RBF SVM,0,0
RBF SVM,1,0
RBF SVM,0,0
RBF SVM,1,1
RBF SVM,1,0
RBF SVM,0,0
RBF SVM,1,1
RBF SVM,0,0
RBF SVM,1,1
RBF SVM,1,1
RBF SVM,0,1
RBF SVM,1,0
RBF SVM,0,0
RBF SVM,1,0
RBF SVM,0,0
RBF SVM,1,1
Logistic Regression,0,0
Logistic Regression,1,1
Logistic Regression,1,1
Logistic Regression,0,0
Logistic Regression,1,0
Logistic Regression,0,1
Logistic Regression,0,0
Logistic Regression,0,0
Logistic Regression,1,0
Logistic Regression,0,1
Logistic Regression,1,1
Logistic Regression,0,0
Logistic Regression,1,0
Logistic Regression,1,0
Logistic Regression,1,0
Logistic Regression,0,0
Logistic Regression,1,0
Logistic Regression,0,0
Logistic Regression,1,0
Logistic Regression,1,1
Logistic Regression,1,0
Logistic Regression,0,0
Logistic Regression,0,1
Logistic Regression,0,0
Logistic Regression,0,0
Logistic Regression,0,1
Logistic Regression,1,0
Logistic Regression,0,0
Logistic Regression,0,0
Logistic Regression,1,1
Logistic Regression,0,0
Logistic Regression,1,0
Logistic Regression,1,1
Logistic Regression,0,1
Logistic Regression,1,0
Logistic Regression,1,1
Logistic Regression,0,1
Logistic Regression,0,1
Logistic Regression,0,0
Logistic Regression,0,0
Logistic Regression,1,1
Logistic Regression,0,0
Logistic Regression,0,0
Logistic Regression,0,1
Logistic Regression,1,0
Logistic Regression,1,1
Logistic Regression,1,1
Logistic Regression,0,0
Logistic Regression,1,1
Logistic Regression,1,1
Logistic Regression,1,1
Logistic Regression,1,0
Logistic Regression,0,1
Logistic Regression,1,1
Logistic Regression,1,0
Logistic Regression,0,0
Logistic Regression,0,0
Logistic Regression,0,0
Logistic Regression,0,0
Logistic Regression,1,0
Logistic Regression,1,0
Logistic Regression,1,0
Logistic Regression,1,0
Logistic Regression,0,0
Logistic Regression,1,1
Logistic Regression,0,0
Logistic Regression,0,1
Logistic Regression,1,0
Logistic Regression,0,0
Logistic Regression,0,0
Logistic Regression,0,0
Logistic Regression,0,0
Logistic Regression,0,0
Logistic Regression,0,0
Logistic Regression,1,1
Logistic Regression,0,0
Logistic Regression,1,0
Logistic Regression,1,0
Logistic Regression,0,1
Logistic Regression,0,0
Logistic Regression,0,0
Logistic Regression,0,0
Logistic Regression,1,1
Logistic Regression,1,1
Logistic Regression,1,1
Logistic Regression,0,0
Logistic Regression,0,0
Logistic Regression,1,0
Logistic Regression,1,0
Logistic Regression,0,0
Logistic Regression,0,1
Logistic Regression,1,1
Logistic Regression,0,0
Logistic Regression,1,0
Logistic Regression,1,1
Logistic Regression,1,1
Logistic Regression,0,0
Logistic Regression,1,0
Logistic Regression,0,0
Logistic Regression,0,0
Logistic Regression,1,0
Logistic Regression,0,1
Logistic Regression,1,0
Logistic Regression,1,0
Logistic Regression,0,0
Logistic Regression,0,0
Logistic Regression,0,0
Logistic Regression,1,1
Logistic Regression,1,1
Logistic Regression,1,1
Logistic Regression,0,0
Logistic Regression,1,1
Logistic Regression,0,0
Logistic Regression,0,1
Logistic Regression,1,0
Logistic Regression,0,0
Logistic Regression,1,0
Logistic Regression,0,0
Logistic Regression,0,0
Logistic Regression,1,0
Logistic Regression,0,1
Logistic Regression,1,0
Logistic Regression,0,0
Logistic Regression,0,0
Logistic Regression,1,0
Logistic Regression,1,0
Logistic Regression,1,0
Logistic Regression,0,0
Logistic Regression,0,0
Logistic Regression,1,0
Logistic Regression,1,0
Logistic Regression,0,1
Logistic Regression,1,0
Logistic Regression,1,1
Logistic Regression,0,0
Logistic Regression,1,0
Logistic Regression,1,1
Logistic Regression,0,0
Logistic Regression,1,0
Logistic Regression,0,0
Logistic Regression,0,0
Logistic Regression,1,0
Logistic Regression,0,0
Logistic Regression,1,1
Logistic Regression,0,0
Logistic Regression,0,0
Logistic Regression,0,0
Logistic Regression,1,1
Logistic Regression,1,1
Logistic Regression,0,0
Logistic Regression,1,0
Logistic Regression,1,1
Logistic Regression,0,1
Logistic Regression,0,0
Logistic Regression,0,0
Logistic Regression,1,1
Logistic Regression,1,1
Logistic Regression,0,0
Logistic Regression,1,0
Logistic Regression,0,0
Logistic Regression,1,1
Logistic Regression,0,0
Logistic Regression,1,1
Logistic Regression,0,0
Logistic Regression,1,0
Logistic Regression,0,0
Logistic Regression,1,0
Logistic Regression,1,1
Logistic Regression,1,0
Logistic Regression,1,0
Logistic Regression,0,0
Logistic Regression,0,0
Logistic Regression,0,1
Logistic Regression,0,0
Logistic Regression,1,1
Logistic Regression,0,0
Logistic Regression,1,1
Logistic Regression,0,1
Logistic Regression,1,0
Logistic Regression,1,1
Logistic Regression,1,1
Logistic Regression,0,0
Logistic Regression,0,1
Logistic Regression,1,0
Logistic Regression,1,0
Logistic Regression,0,0
Logistic Regression,1,0
Logistic Regression,0,1
Logistic Regression,0,0
Logistic Regression,1,0
Logistic Regression,1,0
Logistic Regression,0,0
Logistic Regression,0,0
Logistic Regression,0,0
Logistic Regression,1,1
Logistic Regression,1,1
Logistic Regression,1,0
Logistic Regression,1,0
Logistic Regression,1,0
Logistic Regression,1,0
Logistic Regression,0,0
Logistic Regression,1,0
Logistic Regression,1,0
Logistic Regression,1,1
Logistic Regression,0,0
Logistic Regression,0,0
Logistic Regression,0,0
Logistic Regression,1,1
Logistic Regression,1,1
Logistic Regression,0,0
Logistic Regression,1,1
Logistic Regression,1,0
Logistic Regression,0,0
Logistic Regression,1,1
Logistic Regression,0,0
Logistic Regression,1,0
Logistic Regression,1,0
Logistic Regression,1,1
Logistic Regression,1,0
Logistic Regression,1,0
Logistic Regression,1,0
Logistic Regression,0,1
Logistic Regression,1,0
Logistic Regression,1,0
Logistic Regression,0,0
Logistic Regression,0,0
Logistic Regression,1,1
Logistic Regression,1,1
Logistic Regression,0,0
Logistic Regression,0,0
Logistic Regression,1,1
Logistic Regression,0,0
Logistic Regression,1,0
Logistic Regression,0,0
Logistic Regression,1,0
Logistic Regression,1,0
Logistic Regression,0,0
Logistic Regression,0,0
Logistic Regression,1,1
Logistic Regression,0,0
Logistic Regression,1,1
Logistic Regression,0,0
Logistic Regression,1,0
Logistic Regression,0,0
Logistic Regression,0,1
Logistic Regression,1,0
Logistic Regression,1,0
Logistic Regression,0,0
Logistic Regression,1,0
Logistic Regression,0,0
Logistic Regression,1,0
Logistic Regression,0,0
Logistic Regression,1,0
Logistic Regression,0,0
Logistic Regression,0,0
Logistic Regression,0,0
Logistic Regression,1,0
Logistic Regression,0,1
Logistic Regression,1,1
Logistic Regression,0,1
Logistic Regression,1,1
Logistic Regression,1,0
Logistic Regression,0,0
Logistic Regression,0,0
Logistic Regression,0,0
Logistic Regression,0,0
Logistic Regression,1,0
Logistic Regression,0,0
Logistic Regression,1,0
Logistic Regression,1,1
Logistic Regression,1,1
Logistic Regression,0,0
Logistic Regression,1,1
Logistic Regression,1,1
Logistic Regression,1,1
Logistic Regression,0,0
Logistic Regression,1,0
Logistic Regression,0,0
Logistic Regression,1,1
Logistic Regression,1,1
Logistic Regression,1,0
Logistic Regression,1,0
Logistic Regression,1,0
Logistic Regression,0,0
Logistic Regression,1,1
Logistic Regression,1,0
Logistic Regression,0,0
Logistic Regression,0,0
Logistic Regression,0,0
Logistic Regression,0,0
Logistic Regression,0,0
Logistic Regression,0,0
Logistic Regression,1,0
Logistic Regression,0,0
Logistic Regression,0,1
Logistic Regression,0,0
Logistic Regression,0,1
Logistic Regression,0,1
Logistic Regression,1,1
Logistic Regression,0,0
Logistic Regression,1,0
Logistic Regression,1,0
Logistic Regression,1,0
Logistic Regression,0,0
Logistic Regression,0,0
Logistic Regression,0,0
Logistic Regression,1,0
Logistic Regression,0,0
Logistic Regression,1,0
Logistic Regression,1,1
Logistic Regression,0,0
Logistic Regression,1,1
Logistic Regression,1,1
Logistic Regression,1,0
Logistic Regression,1,0
Logistic Regression,1,0
Logistic Regression,0,0
Logistic Regression,1,0
Logistic Regression,1,0
Logistic Regression,0,0
Logistic Regression,1,1
Logistic Regression,1,1
Logistic Regression,0,0
Logistic Regression,0,1
Logistic Regression,1,0
Logistic Regression,1,0
Logistic Regression,0,1
Logistic Regression,0,0
Logistic Regression,0,0
Logistic Regression,1,1
Logistic Regression,0,0
Logistic Regression,0,0
Logistic Regression,1,1
Logistic Regression,0,1
Logistic Regression,0,1
Logistic Regression,0,1
Logistic Regression,0,0
Logistic Regression,0,0
Logistic Regression,0,1
Logistic Regression,1,1
Logistic Regression,1,0
Logistic Regression,1,0
Logistic Regression,1,1
Logistic Regression,1,1
Logistic Regression,1,1
Logistic Regression,0,0
Logistic Regression,0,0
Logistic Regression,0,1
Logistic Regression,1,1
Logistic Regression,0,1
Logistic Regression,1,0
Logistic Regression,0,0
Logistic Regression,0,0
Logistic Regression,1,0
Logistic Regression,0,0
Logistic Regression,0,0
Logistic Regression,0,0
Logistic Regression,1,1
Logistic Regression,1,0
Logistic Regression,1,0
Logistic Regression,1,1
Logistic Regression,1,0
Logistic Regression,0,1
Logistic Regression,0,0
Logistic Regression,0,0
Logistic Regression,1,0
Logistic Regression,0,0
Logistic Regression,1,0
Logistic Regression,0,1
Logistic Regression,1,0
Logistic Regression,1,1
Logistic Regression,0,0
Logistic Regression,0,0
Logistic Regression,0,0
Logistic Regression,1,0
Logistic Regression,0,0
Logistic Regression,0,0
Logistic Regression,1,0
Logistic Regression,1,1
Logistic Regression,0,0
Logistic Regression,0,0
Logistic Regression,0,1
Logistic Regression,1,0
Logistic Regression,0,1
Logistic Regression,1,0
Logistic Regression,1,0
Logistic Regression,1,1
Logistic Regression,0,0
Logistic Regression,1,1
Logistic Regression,0,0
Logistic Regression,1,0
Logistic Regression,1,0
Logistic Regression,1,1
Logistic Regression,0,1
Logistic Regression,1,0
Logistic Regression,1,1
Logistic Regression,1,0
Logistic Regression,0,1
Logistic Regression,0,0
Logistic Regression,1,0
Logistic Regression,1,0
Logistic Regression,0,0
Logistic Regression,1,0
Logistic Regression,0,0
Logistic Regression,1,1
Logistic Regression,1,1
Logistic Regression,0,0
Logistic Regression,1,1
Logistic Regression,0,0
Logistic Regression,0,0
Logistic Regression,1,0
Logistic Regression,1,0
Logistic Regression,1,1
Logistic Regression,0,0
Logistic Regression,0,0
Logistic Regression,0,0
Logistic Regression,1,0
Logistic Regression,0,0
Logistic Regression,0,0
Logistic Regression,0,0
Logistic Regression,0,0
Logistic Regression,0,1
Logistic Regression,0,0
Logistic Regression,0,0
Logistic Regression,1,0
Logistic Regression,0,0
Logistic Regression,0,0
Logistic Regression,1,0
Logistic Regression,1,1
Logistic Regression,0,0
Logistic Regression,1,0
Logistic Regression,0,0
Logistic Regression,1,0
Logistic Regression,0,0
Logistic Regression,0,1
Logistic Regression,0,0
Logistic Regression,0,0
Logistic Regression,0,0
Logistic Regression,0,0
Logistic Regression,1,0
Logistic Regression,0,0
Logistic Regression,1,1
Logistic Regression,1,0
Logistic Regression,0,0
Logistic Regression,1,1
Logistic Regression,0,0
Logistic Regression,1,1
Logistic Regression,1,1
Logistic Regression,0,1
Logistic Regression,1,0
Logistic Regression,0,0
Logistic Regression,1,0
Logistic Regression,0,1
Logistic Regression,1,1
